Matrix Size,Processes,Time Overall (s),Time Computation (s),Time Other (s)
5000,1,10.04897,3.59441,6.45457
5000,2,9.34350,2.43620,6.90730
5000,4,11.18218,2.15266,9.02953
10000,1,44.54727,15.41114,29.13613
10000,2,41.18247,10.53503,30.64744
10000,4,50.23644,8.35253,41.88391
