Matrix Size,Threads,Time Overall (s),Time Computation (s),Time Other (s)
5000,1,5.55794,2.94232,2.61562
5000,2,4.17618,1.53646,2.63972
5000,4,3.43146,0.80920,2.62226
10000,1,21.82878,11.85067,9.97811
10000,2,16.28084,-148655226528.39725,148655226544.67810
10000,4,15.11251,3.55836,11.55416
