Matrix Size,Threads,Time Overall (s),Time Computation (s),Time Other (s)
5000,1,5.56689,2.93528,2.63161
5000,2,4.12632,1.54756,2.57876
5000,4,3.41958,0.81975,2.59983
10000,1,21.28428,11.78899,9.49529
10000,2,16.08944,6.13217,9.95727
10000,4,13.98681,3.60495,10.38186
